{"v":"5.7.8","fr":29.9700012207031,"ip":0,"op":18.000000733155,"w":800,"h":800,"nm":"Gif","ddd":0,"assets":[],"layers":[{"ddd":0,"ind":1,"ty":4,"nm":"phone-svgrepo-com (3) contornos","sr":1,"ks":{"o":{"a":0,"k":100,"ix":11},"r":{"a":0,"k":0,"ix":10},"p":{"a":0,"k":[370,408,0],"ix":2,"l":2},"a":{"a":0,"k":[251,251,0],"ix":1,"l":2},"s":{"a":0,"k":[100,100,100],"ix":6,"l":2}},"ao":0,"shapes":[{"ty":"gr","it":[{"ind":0,"ty":"sh","ix":1,"ks":{"a":0,"k":{"i":[[3.575,-0.59],[0,0],[-0.589,-3.575],[-3.576,0.59],[0,0],[0.589,3.574]],"o":[[0,0],[-3.575,0.589],[0.59,3.574],[0,0],[3.574,-0.59],[-0.59,-3.575]],"v":[[4.971,-7.47],[-7.107,-5.477],[-12.513,2.065],[-4.971,7.47],[7.107,5.478],[12.513,-2.064]],"c":true},"ix":2},"nm":"Caminho 1","mn":"ADBE Vector Shape - Group","hd":false},{"ty":"fl","c":{"a":0,"k":[0.847000002394,0.039000002543,0.286000001197,1],"ix":4},"o":{"a":0,"k":100,"ix":5},"r":1,"bm":0,"nm":"Preenchimento 1","mn":"ADBE Vector Graphic - Fill","hd":false},{"ty":"tr","p":{"a":0,"k":[227.474,100.697],"ix":2},"a":{"a":0,"k":[0,0],"ix":1},"s":{"a":0,"k":[100,100],"ix":3},"r":{"a":0,"k":0,"ix":6},"o":{"a":0,"k":100,"ix":7},"sk":{"a":0,"k":0,"ix":4},"sa":{"a":0,"k":0,"ix":5},"nm":"Transformar"}],"nm":"Grupo 1","np":2,"cix":2,"bm":0,"ix":1,"mn":"ADBE Vector Group","hd":false},{"ty":"gr","it":[{"ind":0,"ty":"sh","ix":1,"ks":{"a":0,"k":{"i":[[-2.905,0.479],[-0.48,-2.906],[2.906,-0.479],[0.478,2.906]],"o":[[2.905,-0.479],[0.479,2.907],[-2.906,0.48],[-0.48,-2.906]],"v":[[-0.869,-5.27],[5.27,-0.87],[0.87,5.269],[-5.268,0.87]],"c":true},"ix":2},"nm":"Caminho 1","mn":"ADBE Vector Shape - Group","hd":false},{"ind":1,"ty":"sh","ix":2,"ks":{"a":0,"k":{"i":[[-10.044,1.658],[1.657,10.045],[10.045,-1.657],[-1.657,-10.045]],"o":[[10.045,-1.657],[-1.657,-10.045],[-10.044,1.657],[1.658,10.045]],"v":[[3.005,18.215],[18.217,-3.005],[-3.005,-18.216],[-18.216,3.004]],"c":true},"ix":2},"nm":"Caminho 2","mn":"ADBE Vector Shape - Group","hd":false},{"ty":"mm","mm":1,"nm":"Mesclar caminhos 1","mn":"ADBE Vector Filter - Merge","hd":false},{"ty":"fl","c":{"a":0,"k":[0.847000002394,0.039000002543,0.286000001197,1],"ix":4},"o":{"a":0,"k":100,"ix":5},"r":1,"bm":0,"nm":"Preenchimento 1","mn":"ADBE Vector Graphic - Fill","hd":false},{"ty":"tr","p":{"a":0,"k":[270.256,360.044],"ix":2},"a":{"a":0,"k":[0,0],"ix":1},"s":{"a":0,"k":[100,100],"ix":3},"r":{"a":0,"k":0,"ix":6},"o":{"a":0,"k":100,"ix":7},"sk":{"a":0,"k":0,"ix":4},"sa":{"a":0,"k":0,"ix":5},"nm":"Transformar"}],"nm":"Grupo 2","np":4,"cix":2,"bm":0,"ix":2,"mn":"ADBE Vector Group","hd":false},{"ty":"gr","it":[{"ind":0,"ty":"sh","ix":1,"ks":{"a":0,"k":{"i":[[0,0],[4.797,-0.792],[0,0],[0.937,5.681],[0,0],[0,0]],"o":[[0.937,5.681],[0,0],[-4.797,0.791],[0,0],[0,0],[0,0]],"v":[[105.405,125.636],[98.405,137.373],[-49.068,161.7],[-59.467,152.834],[-66.479,110.324],[98.392,83.126]],"c":true},"ix":2},"nm":"Caminho 1","mn":"ADBE Vector Shape - Group","hd":false},{"ind":1,"ty":"sh","ix":2,"ks":{"a":0,"k":{"i":[[0,0],[-4.797,0.792],[0,0],[-0.937,-5.681],[0,0],[0,0]],"o":[[-0.937,-5.68],[0,0],[4.796,-0.791],[0,0],[0,0],[0,0]],"v":[[-105.404,-125.636],[-98.404,-137.374],[49.069,-161.701],[59.467,-152.834],[61.831,-138.507],[-103.04,-111.309]],"c":true},"ix":2},"nm":"Caminho 2","mn":"ADBE Vector Shape - Group","hd":false},{"ind":2,"ty":"sh","ix":3,"ks":{"a":0,"k":{"i":[[0,0],[0,0],[0,0],[0,0]],"o":[[0,0],[0,0],[0,0],[0,0]],"v":[[-100.905,-98.361],[63.966,-125.559],[96.257,70.178],[-68.615,97.376]],"c":true},"ix":2},"nm":"Caminho 3","mn":"ADBE Vector Shape - Group","hd":false},{"ind":3,"ty":"sh","ix":4,"ks":{"a":0,"k":{"i":[[0,0],[-11.936,1.969],[0,0],[2.115,12.82],[0,0],[11.936,-1.969],[0,0],[-2.115,-12.82]],"o":[[2.115,12.819],[0,0],[11.935,-1.969],[0,0],[-2.114,-12.82],[0,0],[-11.936,1.969],[0,0]],"v":[[-72.414,154.969],[-46.932,174.647],[100.542,150.321],[118.352,123.501],[72.414,-154.969],[46.934,-174.648],[-100.54,-150.321],[-118.351,-123.501]],"c":true},"ix":2},"nm":"Caminho 4","mn":"ADBE Vector Shape - Group","hd":false},{"ty":"mm","mm":1,"nm":"Mesclar caminhos 1","mn":"ADBE Vector Filter - Merge","hd":false},{"ty":"fl","c":{"a":0,"k":[0.234999997008,0.224000010771,0.337000020345,1],"ix":4},"o":{"a":0,"k":100,"ix":5},"r":1,"bm":0,"nm":"Preenchimento 1","mn":"ADBE Vector Graphic - Fill","hd":false},{"ty":"tr","p":{"a":0,"k":[250,237.248],"ix":2},"a":{"a":0,"k":[0,0],"ix":1},"s":{"a":0,"k":[100,100],"ix":3},"r":{"a":0,"k":0,"ix":6},"o":{"a":0,"k":100,"ix":7},"sk":{"a":0,"k":0,"ix":4},"sa":{"a":0,"k":0,"ix":5},"nm":"Transformar"}],"nm":"Grupo 3","np":6,"cix":2,"bm":0,"ix":3,"mn":"ADBE Vector Group","hd":false}],"ip":0,"op":5.00000020365417,"st":0,"bm":0},{"ddd":0,"ind":2,"ty":4,"nm":"phone-svgrepo-com (2) contornos 5","sr":1,"ks":{"o":{"a":0,"k":100,"ix":11},"r":{"a":0,"k":0,"ix":10},"p":{"a":0,"k":[400,418,0],"ix":2,"l":2},"a":{"a":0,"k":[251,251,0],"ix":1,"l":2},"s":{"a":0,"k":[100,100,100],"ix":6,"l":2}},"ao":0,"shapes":[{"ty":"gr","it":[{"ind":0,"ty":"sh","ix":1,"ks":{"a":0,"k":{"i":[[3.624,0],[0,0],[0,-3.623],[-3.624,0],[0,0],[0,3.623]],"o":[[0,0],[-3.624,0],[0,3.623],[0,0],[3.623,0],[0,-3.623]],"v":[[6.12,-6.561],[-6.121,-6.561],[-12.682,0],[-6.121,6.561],[6.12,6.561],[12.682,0]],"c":true},"ix":2},"nm":"Caminho 1","mn":"ADBE Vector Shape - Group","hd":false},{"ty":"fl","c":{"a":0,"k":[0.847000002394,0.039000002543,0.286000001197,1],"ix":4},"o":{"a":0,"k":100,"ix":5},"r":1,"bm":0,"nm":"Preenchimento 1","mn":"ADBE Vector Graphic - Fill","hd":false},{"ty":"tr","p":{"a":0,"k":[250,98.852],"ix":2},"a":{"a":0,"k":[0,0],"ix":1},"s":{"a":0,"k":[100,100],"ix":3},"r":{"a":0,"k":0,"ix":6},"o":{"a":0,"k":100,"ix":7},"sk":{"a":0,"k":0,"ix":4},"sa":{"a":0,"k":0,"ix":5},"nm":"Transformar"}],"nm":"Grupo 1","np":2,"cix":2,"bm":0,"ix":1,"mn":"ADBE Vector Group","hd":false},{"ty":"gr","it":[{"ind":0,"ty":"sh","ix":1,"ks":{"a":0,"k":{"i":[[-2.944,0],[0,-2.944],[2.946,0],[0,2.945]],"o":[[2.945,0],[0,2.945],[-2.945,0],[0,-2.944]],"v":[[0,-5.34],[5.34,0],[0,5.341],[-5.34,0]],"c":true},"ix":2},"nm":"Caminho 1","mn":"ADBE Vector Shape - Group","hd":false},{"ind":1,"ty":"sh","ix":2,"ks":{"a":0,"k":{"i":[[-10.18,0],[0,10.181],[10.181,0],[0,-10.181]],"o":[[10.181,0],[0,-10.181],[-10.18,0],[0,10.181]],"v":[[0,18.462],[18.462,0],[0,-18.462],[-18.462,0]],"c":true},"ix":2},"nm":"Caminho 2","mn":"ADBE Vector Shape - Group","hd":false},{"ty":"mm","mm":1,"nm":"Mesclar caminhos 1","mn":"ADBE Vector Filter - Merge","hd":false},{"ty":"fl","c":{"a":0,"k":[0.847000002394,0.039000002543,0.286000001197,1],"ix":4},"o":{"a":0,"k":100,"ix":5},"r":1,"bm":0,"nm":"Preenchimento 1","mn":"ADBE Vector Graphic - Fill","hd":false},{"ty":"tr","p":{"a":0,"k":[249.999,361.702],"ix":2},"a":{"a":0,"k":[0,0],"ix":1},"s":{"a":0,"k":[100,100],"ix":3},"r":{"a":0,"k":0,"ix":6},"o":{"a":0,"k":100,"ix":7},"sk":{"a":0,"k":0,"ix":4},"sa":{"a":0,"k":0,"ix":5},"nm":"Transformar"}],"nm":"Grupo 2","np":4,"cix":2,"bm":0,"ix":2,"mn":"ADBE Vector Group","hd":false},{"ty":"gr","it":[{"ind":0,"ty":"sh","ix":1,"ks":{"a":0,"k":{"i":[[0,0],[4.862,0],[0,0],[0,5.757],[0,0],[0,0]],"o":[[0,5.757],[0,0],[-4.862,0],[0,0],[0,0],[0,0]],"v":[[83.55,141.117],[74.733,151.559],[-74.733,151.559],[-83.55,141.117],[-83.55,98.033],[83.55,98.033]],"c":true},"ix":2},"nm":"Caminho 1","mn":"ADBE Vector Shape - Group","hd":false},{"ind":1,"ty":"sh","ix":2,"ks":{"a":0,"k":{"i":[[0,0],[-4.862,0],[0,0],[0,-5.757],[0,0],[0,0]],"o":[[0,-5.757],[0,0],[4.861,0],[0,0],[0,0],[0,0]],"v":[[-83.55,-141.117],[-74.733,-151.557],[74.734,-151.557],[83.55,-141.117],[83.55,-126.595],[-83.55,-126.595]],"c":true},"ix":2},"nm":"Caminho 2","mn":"ADBE Vector Shape - Group","hd":false},{"ind":2,"ty":"sh","ix":3,"ks":{"a":0,"k":{"i":[[0,0],[0,0],[0,0],[0,0]],"o":[[0,0],[0,0],[0,0],[0,0]],"v":[[-83.55,-113.474],[83.55,-113.474],[83.55,84.91],[-83.55,84.91]],"c":true},"ix":2},"nm":"Caminho 3","mn":"ADBE Vector Shape - Group","hd":false},{"ind":3,"ty":"sh","ix":4,"ks":{"a":0,"k":{"i":[[0,0],[-12.097,0],[0,0],[0,12.992],[0,0],[12.097,0],[0,0],[0,-12.993]],"o":[[0,12.992],[0,0],[12.097,0],[0,0],[0,-12.993],[0,0],[-12.097,0],[0,0]],"v":[[-96.672,141.117],[-74.733,164.68],[74.734,164.68],[96.672,141.117],[96.672,-141.117],[74.734,-164.68],[-74.733,-164.68],[-96.672,-141.117]],"c":true},"ix":2},"nm":"Caminho 4","mn":"ADBE Vector Shape - Group","hd":false},{"ty":"mm","mm":1,"nm":"Mesclar caminhos 1","mn":"ADBE Vector Filter - Merge","hd":false},{"ty":"fl","c":{"a":0,"k":[0.234999997008,0.224000010771,0.337000020345,1],"ix":4},"o":{"a":0,"k":100,"ix":5},"r":1,"bm":0,"nm":"Preenchimento 1","mn":"ADBE Vector Graphic - Fill","hd":false},{"ty":"tr","p":{"a":0,"k":[250,237.247],"ix":2},"a":{"a":0,"k":[0,0],"ix":1},"s":{"a":0,"k":[100,100],"ix":3},"r":{"a":0,"k":0,"ix":6},"o":{"a":0,"k":100,"ix":7},"sk":{"a":0,"k":0,"ix":4},"sa":{"a":0,"k":0,"ix":5},"nm":"Transformar"}],"nm":"Grupo 3","np":6,"cix":2,"bm":0,"ix":3,"mn":"ADBE Vector Group","hd":false}],"ip":5.00000020365417,"op":11.0000004480392,"st":5.00000020365417,"bm":0},{"ddd":0,"ind":3,"ty":4,"nm":"phone-svgrepo-com (4) contornos","sr":1,"ks":{"o":{"a":0,"k":100,"ix":11},"r":{"a":0,"k":0,"ix":10},"p":{"a":0,"k":[438,413,0],"ix":2,"l":2},"a":{"a":0,"k":[251,251,0],"ix":1,"l":2},"s":{"a":0,"k":[100,100,100],"ix":6,"l":2}},"ao":0,"shapes":[{"ty":"gr","it":[{"ind":0,"ty":"sh","ix":1,"ks":{"a":0,"k":{"i":[[0.59,-3.575],[-3.574,-0.589],[0,0],[-0.588,3.575],[3.575,0.589],[0,0]],"o":[[-0.59,3.575],[0,0],[3.576,0.59],[0.59,-3.575],[0,0],[-3.575,-0.59]],"v":[[-12.512,-2.064],[-7.107,5.477],[4.971,7.47],[12.512,2.064],[7.107,-5.477],[-4.971,-7.47]],"c":true},"ix":2},"nm":"Caminho 1","mn":"ADBE Vector Shape - Group","hd":false},{"ty":"fl","c":{"a":0,"k":[0.847000002394,0.039000002543,0.286000001197,1],"ix":4},"o":{"a":0,"k":100,"ix":5},"r":1,"bm":0,"nm":"Preenchimento 1","mn":"ADBE Vector Graphic - Fill","hd":false},{"ty":"tr","p":{"a":0,"k":[272.526,100.697],"ix":2},"a":{"a":0,"k":[0,0],"ix":1},"s":{"a":0,"k":[100,100],"ix":3},"r":{"a":0,"k":0,"ix":6},"o":{"a":0,"k":100,"ix":7},"sk":{"a":0,"k":0,"ix":4},"sa":{"a":0,"k":0,"ix":5},"nm":"Transformar"}],"nm":"Grupo 1","np":2,"cix":2,"bm":0,"ix":1,"mn":"ADBE Vector Group","hd":false},{"ty":"gr","it":[{"ind":0,"ty":"sh","ix":1,"ks":{"a":0,"k":{"i":[[0.479,-2.905],[2.906,0.48],[-0.479,2.906],[-2.906,-0.478]],"o":[[-0.479,2.906],[-2.905,-0.479],[0.479,-2.907],[2.905,0.48]],"v":[[5.27,0.87],[-0.869,5.27],[-5.269,-0.868],[0.87,-5.27]],"c":true},"ix":2},"nm":"Caminho 1","mn":"ADBE Vector Shape - Group","hd":false},{"ind":1,"ty":"sh","ix":2,"ks":{"a":0,"k":{"i":[[-1.657,10.045],[10.044,1.657],[1.657,-10.045],[-10.045,-1.658]],"o":[[1.657,-10.045],[-10.045,-1.657],[-1.657,10.045],[10.044,1.657]],"v":[[18.217,3.005],[3.006,-18.216],[-18.216,-3.005],[-3.004,18.216]],"c":true},"ix":2},"nm":"Caminho 2","mn":"ADBE Vector Shape - Group","hd":false},{"ty":"mm","mm":1,"nm":"Mesclar caminhos 1","mn":"ADBE Vector Filter - Merge","hd":false},{"ty":"fl","c":{"a":0,"k":[0.847000002394,0.039000002543,0.286000001197,1],"ix":4},"o":{"a":0,"k":100,"ix":5},"r":1,"bm":0,"nm":"Preenchimento 1","mn":"ADBE Vector Graphic - Fill","hd":false},{"ty":"tr","p":{"a":0,"k":[229.744,360.043],"ix":2},"a":{"a":0,"k":[0,0],"ix":1},"s":{"a":0,"k":[100,100],"ix":3},"r":{"a":0,"k":0,"ix":6},"o":{"a":0,"k":100,"ix":7},"sk":{"a":0,"k":0,"ix":4},"sa":{"a":0,"k":0,"ix":5},"nm":"Transformar"}],"nm":"Grupo 2","np":4,"cix":2,"bm":0,"ix":2,"mn":"ADBE Vector Group","hd":false},{"ty":"gr","it":[{"ind":0,"ty":"sh","ix":1,"ks":{"a":0,"k":{"i":[[0,0],[0,0],[0,0],[4.797,0.791],[0,0],[-0.937,5.68]],"o":[[0,0],[0,0],[-0.938,5.681],[0,0],[-4.797,-0.792],[0,0]],"v":[[-98.391,83.126],[66.481,110.323],[59.468,152.833],[49.069,161.701],[-98.404,137.374],[-105.404,125.637]],"c":true},"ix":2},"nm":"Caminho 1","mn":"ADBE Vector Shape - Group","hd":false},{"ind":1,"ty":"sh","ix":2,"ks":{"a":0,"k":{"i":[[0,0],[0,0],[0,0],[-4.796,-0.791],[0,0],[0.938,-5.68]],"o":[[0,0],[0,0],[0.937,-5.681],[0,0],[4.797,0.791],[0,0]],"v":[[103.041,-111.309],[-61.831,-138.507],[-59.467,-152.833],[-49.069,-161.701],[98.405,-137.373],[105.404,-125.636]],"c":true},"ix":2},"nm":"Caminho 2","mn":"ADBE Vector Shape - Group","hd":false},{"ind":2,"ty":"sh","ix":3,"ks":{"a":0,"k":{"i":[[0,0],[0,0],[0,0],[0,0]],"o":[[0,0],[0,0],[0,0],[0,0]],"v":[[68.616,97.376],[-96.255,70.178],[-63.966,-125.559],[100.905,-98.361]],"c":true},"ix":2},"nm":"Caminho 3","mn":"ADBE Vector Shape - Group","hd":false},{"ind":3,"ty":"sh","ix":4,"ks":{"a":0,"k":{"i":[[0,0],[11.936,1.969],[0,0],[2.114,-12.82],[0,0],[-11.936,-1.968],[0,0],[-2.114,12.819]],"o":[[2.114,-12.82],[0,0],[-11.936,-1.969],[0,0],[-2.115,12.819],[0,0],[11.935,1.97],[0,0]],"v":[[118.352,-123.5],[100.541,-150.32],[-46.933,-174.647],[-72.414,-154.969],[-118.351,123.501],[-100.54,150.319],[46.934,174.647],[72.414,154.97]],"c":true},"ix":2},"nm":"Caminho 4","mn":"ADBE Vector Shape - Group","hd":false},{"ty":"mm","mm":1,"nm":"Mesclar caminhos 1","mn":"ADBE Vector Filter - Merge","hd":false},{"ty":"fl","c":{"a":0,"k":[0.234999997008,0.224000010771,0.337000020345,1],"ix":4},"o":{"a":0,"k":100,"ix":5},"r":1,"bm":0,"nm":"Preenchimento 1","mn":"ADBE Vector Graphic - Fill","hd":false},{"ty":"tr","p":{"a":0,"k":[250,237.248],"ix":2},"a":{"a":0,"k":[0,0],"ix":1},"s":{"a":0,"k":[100,100],"ix":3},"r":{"a":0,"k":0,"ix":6},"o":{"a":0,"k":100,"ix":7},"sk":{"a":0,"k":0,"ix":4},"sa":{"a":0,"k":0,"ix":5},"nm":"Transformar"}],"nm":"Grupo 3","np":6,"cix":2,"bm":0,"ix":3,"mn":"ADBE Vector Group","hd":false}],"ip":11.0000004480392,"op":18.000000733155,"st":3.00000012219251,"bm":0},{"ddd":0,"ind":4,"ty":4,"nm":"phone-svgrepo-com (1) contornos","sr":1,"ks":{"o":{"a":0,"k":100,"ix":11},"r":{"a":0,"k":0,"ix":10},"p":{"a":0,"k":[400,400,0],"ix":2,"l":2},"a":{"a":0,"k":[251,251,0],"ix":1,"l":2},"s":{"a":0,"k":[100,100,100],"ix":6,"l":2}},"ao":0,"shapes":[{"ty":"gr","it":[{"ind":0,"ty":"sh","ix":1,"ks":{"a":0,"k":{"i":[[0,0],[0,0],[15.246,2.754],[0,0]],"o":[[0,0],[4.595,-14.795],[0,0],[0,0]],"v":[[-36.657,131.525],[32.062,-89.703],[12.018,-122.732],[-36.657,-131.525]],"c":false},"ix":2},"nm":"Caminho 1","mn":"ADBE Vector Shape - Group","hd":false},{"ty":"st","c":{"a":0,"k":[0.677999997606,0.677999997606,0.677999997606,1],"ix":3},"o":{"a":0,"k":100,"ix":4},"w":{"a":0,"k":15.474,"ix":5},"lc":2,"lj":1,"ml":4,"bm":0,"nm":"Traçado 1","mn":"ADBE Vector Graphic - Stroke","hd":false},{"ty":"tr","p":{"a":0,"k":[408.829,235.118],"ix":2},"a":{"a":0,"k":[0,0],"ix":1},"s":{"a":0,"k":[100,100],"ix":3},"r":{"a":0,"k":0,"ix":6},"o":{"a":0,"k":100,"ix":7},"sk":{"a":0,"k":0,"ix":4},"sa":{"a":0,"k":0,"ix":5},"nm":"Transformar"}],"nm":"Grupo 1","np":2,"cix":2,"bm":0,"ix":1,"mn":"ADBE Vector Group","hd":false},{"ty":"gr","it":[{"ind":0,"ty":"sh","ix":1,"ks":{"a":0,"k":{"i":[[0,0],[0,0],[-4.596,-14.795],[0,0]],"o":[[0,0],[-15.246,2.755],[0,0],[0,0]],"v":[[36.657,-131.525],[-12.017,-122.733],[-32.061,-89.704],[36.657,131.525]],"c":false},"ix":2},"nm":"Caminho 1","mn":"ADBE Vector Shape - Group","hd":false},{"ty":"st","c":{"a":0,"k":[0.677999997606,0.677999997606,0.677999997606,1],"ix":3},"o":{"a":0,"k":100,"ix":4},"w":{"a":0,"k":15.474,"ix":5},"lc":2,"lj":1,"ml":4,"bm":0,"nm":"Traçado 1","mn":"ADBE Vector Graphic - Stroke","hd":false},{"ty":"tr","p":{"a":0,"k":[89.879,233.118],"ix":2},"a":{"a":0,"k":[0,0],"ix":1},"s":{"a":0,"k":[100,100],"ix":3},"r":{"a":0,"k":0,"ix":6},"o":{"a":0,"k":100,"ix":7},"sk":{"a":0,"k":0,"ix":4},"sa":{"a":0,"k":0,"ix":5},"nm":"Transformar"}],"nm":"Grupo 2","np":2,"cix":2,"bm":0,"ix":2,"mn":"ADBE Vector Group","hd":false}],"ip":-1.00000004073083,"op":18.000000733155,"st":8.00000032584668,"bm":0}],"markers":[]}